Column0,Column1,Column2,Column3
0,0,700,0
49.5172,49.4778,699.012,0.1
99.0134,98.8367,698.025,0.2
148.489,148.077,697.04,0.3
197.943,197.198,696.057,0.4
247.376,246.201,695.074,0.5
296.789,295.086,694.094,0.6
346.181,343.852,693.115,0.7
395.552,392.499,692.137,0.8
444.902,441.028,691.161,0.9
494.232,489.439,690.187,1
543.541,537.732,689.214,1.1
592.829,585.907,688.243,1.2
642.097,633.964,687.273,1.3
691.344,681.903,686.304,1.4
740.571,729.724,685.337,1.5
789.777,777.428,684.372,1.6
838.963,825.014,683.408,1.7
888.128,872.482,682.446,1.8
937.273,919.832,681.485,1.9
986.398,967.066,680.526,2
1035.5,1014.18,679.568,2.1
1084.59,1061.18,678.612,2.2
1133.65,1108.06,677.657,2.3
1182.69,1154.83,676.704,2.4
1231.72,1201.47,675.752,2.5
1280.72,1248,674.802,2.6
1329.71,1294.42,673.854,2.7
1378.67,1340.71,672.907,2.8
1427.61,1386.89,671.961,2.9
1476.54,1432.96,671.017,3
1525.44,1478.9,670.074,3.1
1574.32,1524.73,669.133,3.2
1623.19,1570.45,668.194,3.3
1672.03,1616.04,667.256,3.4
1720.86,1661.52,666.32,3.5
1769.66,1706.89,665.385,3.6
1818.45,1752.14,664.451,3.7
1867.21,1797.27,663.519,3.8
1915.96,1842.28,662.589,3.9
1964.68,1887.18,661.66,4
2013.39,1931.97,660.733,4.1
2062.08,1976.64,659.807,4.2
2110.74,2021.19,658.883,4.3
2159.39,2065.63,657.96,4.4
2208.02,2109.95,657.039,4.5
2256.63,2154.15,656.119,4.6
2305.22,2198.24,655.201,4.7
2353.79,2242.22,654.285,4.8
2402.34,2286.08,653.37,4.9
2450.87,2329.82,652.456,5
2499.38,2373.45,651.544,5.1
2547.94,2417.02,651.46,5.2
2596.54,2460.53,651.377,5.3
2645.18,2503.98,651.296,5.4
2693.86,2547.37,651.217,5.5
2742.59,2590.7,651.14,5.6
2791.29,2633.91,650.232,5.7
2839.98,2677.01,649.325,5.8
2888.65,2720,648.42,5.9
2937.3,2762.87,647.516,6
2985.92,2805.62,646.614,6.1
3034.53,2848.26,645.714,6.2
3083.12,2890.79,644.815,6.3
3131.7,2933.2,643.917,6.4
3180.25,2975.5,643.022,6.5
3228.78,3017.68,642.127,6.6
3277.3,3059.75,641.235,6.7
3325.79,3101.7,640.344,6.8
3374.27,3143.54,639.454,6.9
3422.72,3185.26,638.566,7
3471.16,3226.87,637.679,7.1
3519.58,3268.37,636.794,7.2
3567.98,3309.75,635.911,7.3
3616.36,3351.02,635.029,7.4
3664.73,3392.17,634.149,7.5
3713.07,3433.21,633.27,7.6
3761.39,3474.14,632.393,7.7
3809.7,3514.95,631.517,7.8
3857.99,3555.65,630.643,7.9
3906.26,3596.24,629.771,8
3954.51,3636.71,628.9,8.1
4002.74,3677.07,628.03,8.2
4050.95,3717.31,627.163,8.3
4099.15,3757.45,626.296,8.4
4147.32,3797.47,625.432,8.5
4195.48,3837.37,624.569,8.6
4243.62,3877.16,623.707,8.7
4291.74,3916.84,622.847,8.8
4339.85,3956.41,621.989,8.9
4387.93,3995.86,621.132,9
4436,4035.2,620.277,9.1
4484.04,4074.43,619.423,9.2
4532.07,4113.55,618.571,9.3
4580.09,4152.55,617.72,9.4
4628.08,4191.44,616.871,9.5
4676.05,4230.22,616.024,9.6
4724.01,4268.88,615.178,9.7
4771.95,4307.43,614.334,9.8
4819.87,4345.87,613.491,9.9
4867.78,4384.2,612.65,10
4915.66,4422.42,611.81,10.1
4963.53,4460.52,610.973,10.2
5011.38,4498.51,610.136,10.3
5059.21,4536.39,609.301,10.4
5107.02,4574.16,608.468,10.5
5154.82,4611.81,607.637,10.6
5202.6,4649.36,606.807,10.7
5250.36,4686.79,605.978,10.8
5298.1,4724.11,605.152,10.9
5345.82,4761.31,604.326,11
5393.53,4798.41,603.503,11.1
5441.22,4835.4,602.681,11.2
5488.89,4872.27,601.86,11.3
5536.55,4909.03,601.041,11.4
5584.18,4945.68,600.224,11.5
5631.8,4982.22,599.409,11.6
5679.4,5018.65,598.595,11.7
5726.99,5054.96,597.782,11.8
5774.55,5091.17,596.971,11.9
5822.1,5127.26,596.162,12
5869.64,5163.25,595.355,12.1
5917.15,5199.12,594.549,12.2
5964.65,5234.88,593.744,12.3
6012.13,5270.53,592.941,12.4
6059.59,5306.07,592.14,12.5
6107.04,5341.5,591.341,12.6
6154.47,5376.82,590.543,12.7
6201.88,5412.02,589.747,12.8
6249.27,5447.12,588.952,12.9
6296.65,5482.11,588.159,13
6344.01,5516.98,587.367,13.1
6391.35,5551.75,586.578,13.2
6438.68,5586.4,585.789,13.3
6485.99,5620.95,585.003,13.4
6533.28,5655.38,584.218,13.5
6580.55,5689.71,583.435,13.6
6627.81,5723.92,582.653,13.7
6675.05,5758.03,581.873,13.8
6722.28,5792.02,581.095,13.9
6769.49,5825.91,580.318,14
6816.68,5859.68,579.543,14.1
6863.85,5893.34,578.769,14.2
6911.01,5926.9,577.997,14.3
6958.15,5960.34,577.227,14.4
7005.27,5993.68,576.459,14.5
7052.38,6026.9,575.692,14.6
7099.47,6060.02,574.927,14.7
7146.55,6093.03,574.163,14.8
7193.6,6125.92,573.401,14.9
7240.64,6158.71,572.641,15
7287.67,6191.39,571.882,15.1
7334.68,6223.96,571.125,15.2
7381.67,6256.42,570.37,15.3
7428.64,6288.77,569.616,15.4
7475.6,6321.01,568.864,15.5
7522.55,6353.14,568.114,15.6
7569.47,6385.16,567.365,15.7
7616.38,6417.08,566.618,15.8
7663.28,6448.88,565.873,15.9
7710.15,6480.58,565.13,16
7757.01,6512.17,564.388,16.1
7803.86,6543.64,563.647,16.2
7850.69,6575.01,562.909,16.3
7897.5,6606.27,562.172,16.4
7944.3,6637.43,561.437,16.5
7991.08,6668.47,560.703,16.6
8037.84,6699.41,559.971,16.7
8084.59,6730.23,559.241,16.8
8131.32,6760.95,558.513,16.9
8178.04,6791.56,557.786,17
8224.74,6822.06,557.061,17.1
8271.42,6852.46,556.338,17.2
8318.09,6882.74,555.616,17.3
8364.74,6912.92,554.896,17.4
8411.38,6942.99,554.178,17.5
8458,6972.95,553.461,17.6
8504.61,7002.8,552.746,17.7
8551.19,7032.54,552.033,17.8
8597.77,7062.18,551.322,17.9
8644.33,7091.71,550.612,18
8690.87,7121.13,549.904,18.1
8737.39,7150.44,549.198,18.2
8783.9,7179.65,548.493,18.3
8830.4,7208.75,547.791,18.4
8876.88,7237.74,547.089,18.5
8923.34,7266.62,546.39,18.6
8969.79,7295.39,545.693,18.7
9016.22,7324.06,544.997,18.8
9062.64,7352.62,544.302,18.9
9109.04,7381.07,543.61,19
9155.43,7409.42,542.919,19.1
9201.8,7437.66,542.23,19.2
9248.15,7465.79,541.543,19.3
9294.49,7493.81,540.858,19.4
9340.82,7521.73,540.174,19.5
9387.13,7549.54,539.492,19.6
9433.42,7577.24,538.812,19.7
9479.7,7604.83,538.134,19.8
9525.96,7632.32,537.457,19.9
9572.21,7659.7,536.782,20
9618.44,7686.98,536.109,20.1
9664.66,7714.14,535.438,20.2
9710.86,7741.2,534.768,20.3
9757.05,7768.16,534.1,20.4
9803.22,7795,533.434,20.5
9849.38,7821.75,532.77,20.6
9895.52,7848.38,532.107,20.7
9941.65,7874.91,531.447,20.8
9987.76,7901.33,530.788,20.9
10033.9,7927.64,530.131,21
10079.9,7953.85,529.475,21.1
10126,7979.95,528.822,21.2
10172.1,8005.95,528.17,21.3
10218.1,8031.83,527.52,21.4
10264.1,8057.62,526.872,21.5
10310.1,8083.29,526.226,21.6
10356.1,8108.86,525.581,21.7
10402.1,8134.33,524.938,21.8
10448.1,8159.69,524.297,21.9
10494,8184.94,523.658,22
10539.9,8210.08,523.021,22.1
10585.9,8235.12,522.385,22.2
10631.8,8260.06,521.752,22.3
10677.6,8284.89,521.12,22.4
10723.5,8309.61,520.49,22.5
10769.4,8334.22,519.862,22.6
10815.2,8358.73,519.235,22.7
10861.1,8383.14,518.611,22.8
10906.9,8407.44,517.988,22.9
10952.7,8431.63,517.367,23
10998.5,8455.72,516.748,23.1
11044.2,8479.7,516.131,23.2
11090,8503.58,515.516,23.3
11135.7,8527.35,514.902,23.4
11181.5,8551.02,514.29,23.5
11227.2,8574.58,513.681,23.6
11272.9,8598.04,513.073,23.7
11318.6,8621.39,512.467,23.8
11364.2,8644.63,511.862,23.9
11409.9,8667.77,511.26,24
11455.5,8690.81,510.66,24.1
11501.2,8713.74,510.061,24.2
11546.8,8736.56,509.464,24.3
11592.4,8759.28,508.869,24.4
11638,8781.9,508.277,24.5
11683.5,8804.41,507.685,24.6
11729.1,8826.81,507.096,24.7
11774.6,8849.11,506.509,24.8
11820.2,8871.31,505.923,24.9
11865.7,8893.4,505.34,25
11911.2,8915.39,504.758,25.1
11956.7,8937.27,504.179,25.2
12002.1,8959.04,503.601,25.3
12047.6,8980.71,503.025,25.4
12093,9002.28,502.451,25.5
12138.5,9023.75,501.879,25.6
12183.9,9045.1,501.309,25.7
12229.3,9066.36,500.74,25.8
12274.7,9087.51,500.174,25.9
12320.1,9108.55,499.609,26
12365.4,9129.49,499.047,26.1
12410.8,9150.33,498.486,26.2
12456.1,9171.06,497.928,26.3
12501.4,9191.69,497.371,26.4
12546.7,9212.21,496.816,26.5
12592,9232.63,496.263,26.6
12637.3,9252.95,495.712,26.7
12682.6,9273.16,495.163,26.8
12727.8,9293.27,494.616,26.9
12773,9313.27,494.071,27
12818.3,9333.17,493.528,27.1
12863.5,9352.96,492.987,27.2
12908.7,9372.66,492.448,27.3
12953.8,9392.24,491.911,27.4
12999,9411.73,491.375,27.5
13044.2,9431.11,490.842,27.6
13089.3,9450.38,490.311,27.7
13134.4,9469.56,489.781,27.8
13179.5,9488.63,489.254,27.9
13224.6,9507.59,488.728,28
13269.7,9526.45,488.205,28.1
13314.8,9545.21,487.683,28.2
13359.9,9563.87,487.164,28.3
13404.9,9582.42,486.647,28.4
13449.9,9600.87,486.131,28.5
13495,9619.21,485.618,28.6
13540,9637.45,485.106,28.7
13585,9655.59,484.597,28.8
13629.9,9673.62,484.089,28.9
13674.9,9691.55,483.584,29
13719.9,9709.38,483.08,29.1
13764.8,9727.11,482.579,29.2
13809.7,9744.73,482.079,29.3
13854.6,9762.25,481.582,29.4
13899.5,9779.66,481.086,29.5
13944.4,9796.98,480.593,29.6
13989.3,9814.18,480.102,29.7
14034.2,9831.29,479.612,29.8
14079,9848.29,479.125,29.9
14123.8,9865.2,478.64,30
14168.7,9881.99,478.157,30.1
14213.5,9898.69,477.675,30.2
14258.3,9915.28,477.196,30.3
14303,9931.77,476.719,30.4
14347.8,9948.16,476.244,30.5
14392.6,9964.44,475.771,30.6
14437.3,9980.62,475.3,30.7
14482,9996.7,474.831,30.8
14526.7,10012.7,474.365,30.9
14571.4,10028.5,473.9,31
14616.1,10044.3,473.437,31.1
14660.8,10060,472.976,31.2
14705.5,10075.6,472.518,31.3
14750.1,10091,472.061,31.4
14794.8,10106.4,471.607,31.5
14839.4,10121.6,471.155,31.6
14884,10136.8,470.705,31.7
14928.6,10151.9,470.256,31.8
14973.2,10166.8,469.81,31.9
15017.7,10181.7,469.366,32
15062.3,10196.4,468.925,32.1
15106.8,10211,468.485,32.2
15151.4,10225.6,468.047,32.3
15195.9,10240,467.612,32.4
15240.4,10254.4,467.178,32.5
15284.9,10268.6,466.747,32.6
15329.4,10282.7,466.317,32.7
15373.9,10296.8,465.89,32.8
15418.3,10310.7,465.465,32.9
15462.8,10324.5,465.042,33
15507.2,10338.3,464.622,33.1
15551.6,10351.9,464.203,33.2
15596,10365.4,463.787,33.3
15640.4,10378.8,463.372,33.4
15684.8,10392.2,462.96,33.5
15729.2,10405.4,462.55,33.6
15773.5,10418.5,462.142,33.7
15817.9,10431.5,461.736,33.8
15862.2,10444.4,461.332,33.9
15906.5,10457.2,460.931,34
15950.8,10469.9,460.531,34.1
15995.1,10482.6,460.134,34.2
16039.4,10495.1,459.739,34.3
16083.7,10507.5,459.346,34.4
16127.9,10519.8,458.955,34.5
16172.2,10532,458.566,34.6
16216.4,10544.1,458.18,34.7
16260.6,10556.1,457.796,34.8
16304.8,10568,457.413,34.9
16349,10579.8,457.033,35
16393.2,10591.5,456.656,35.1
16437.4,10603.1,456.28,35.2
16481.5,10614.6,455.907,35.3
16525.7,10626,455.535,35.4
16569.8,10637.2,455.166,35.5
16613.9,10648.4,454.799,35.6
16658,10659.5,454.434,35.7
16702.1,10670.5,454.072,35.8
16746.2,10681.4,453.712,35.9
16790.3,10692.2,453.353,36
16834.3,10702.9,452.997,36.1
16878.4,10713.5,452.644,36.2
16922.4,10724,452.292,36.3
16966.4,10734.3,451.943,36.4
17010.4,10744.6,451.596,36.5
17054.4,10754.8,451.251,36.6
17098.4,10764.9,450.908,36.7
17142.4,10774.9,450.567,36.8
17186.3,10784.7,450.229,36.9
17230.3,10794.5,449.893,37
17274.2,10804.2,449.559,37.1
17318.2,10813.8,449.227,37.2
17362.1,10823.3,448.898,37.3
17406,10832.6,448.571,37.4
17449.9,10841.9,448.246,37.5
17493.7,10851.1,447.923,37.6
17537.6,10860.2,447.602,37.7
17581.4,10869.1,447.284,37.8
17625.3,10878,446.968,37.9
17669.1,10886.8,446.654,38
17712.9,10895.5,446.342,38.1
17756.7,10904,446.033,38.2
17800.5,10912.5,445.726,38.3
17844.3,10920.9,445.421,38.4
17888.1,10929.2,445.118,38.5
17931.8,10937.3,444.818,38.6
17975.6,10945.4,444.52,38.7
18019.3,10953.4,444.224,38.8
18063,10961.2,443.93,38.9
18106.7,10969,443.639,39
18150.4,10976.7,443.35,39.1
18194.1,10984.3,443.063,39.2
18237.8,10991.7,442.778,39.3
18281.4,10999.1,442.496,39.4
18325.1,11006.4,442.216,39.5
18368.7,11013.5,441.938,39.6
18412.3,11020.6,441.662,39.7
18455.9,11027.6,441.389,39.8
18499.5,11034.5,441.118,39.9
18543.1,11041.2,440.849,40
18586.7,11047.9,440.583,40.1
18630.3,11054.5,440.319,40.2
18673.8,11061,440.057,40.3
18717.4,11067.3,439.797,40.4
18760.9,11073.6,439.539,40.5
18804.4,11079.8,439.284,40.6
18847.9,11085.9,439.031,40.7
18891.4,11091.8,438.781,40.8
18934.9,11097.7,438.533,40.9
18978.4,11103.5,438.287,41
19021.8,11109.2,438.043,41.1
19065.3,11114.7,437.801,41.2
19108.7,11120.2,437.562,41.3
19152.1,11125.6,437.325,41.4
19195.6,11130.9,437.091,41.5
19239,11136.1,436.858,41.6
19282.3,11141.1,436.628,41.7
19325.7,11146.1,436.401,41.8
19369.1,11151,436.175,41.9
19412.4,11155.8,435.952,42
19455.8,11160.5,435.731,42.1
19499.1,11165.1,435.513,42.2
19542.4,11169.5,435.297,42.3
19585.7,11173.9,435.083,42.4
19629,11178.2,434.871,42.5
19672.3,11182.4,434.662,42.6
19715.6,11186.5,434.455,42.7
19758.9,11190.5,434.25,42.8
19802.1,11194.4,434.047,42.9
19845.4,11198.2,433.847,43
19888.6,11201.9,433.649,43.1
19931.8,11205.4,433.454,43.2
19975,11208.9,433.261,43.3
20018.2,11212.3,433.07,43.4
20061.4,11215.6,432.881,43.5
20104.5,11218.8,432.695,43.6
20147.7,11221.9,432.511,43.7
20190.9,11224.9,432.329,43.8
20234,11227.8,432.149,43.9
20277.1,11230.6,431.972,44
20320.2,11233.3,431.798,44.1
20363.3,11235.9,431.625,44.2
20406.4,11238.5,431.455,44.3
20449.5,11240.9,431.287,44.4
20492.6,11243.2,431.121,44.5
20535.6,11245.4,430.958,44.6
20578.7,11247.5,430.797,44.7
20621.7,11249.5,430.639,44.8
20664.7,11251.4,430.482,44.9
20707.7,11253.2,430.328,45
20750.7,11255,430.176,45.1
20793.7,11256.6,430.027,45.2
20836.7,11258.1,429.88,45.3
20879.6,11259.5,429.735,45.4
20922.6,11260.9,429.593,45.5
20965.5,11262.1,429.452,45.6
21008.5,11263.2,429.314,45.7
21051.4,11264.2,429.179,45.8
21094.3,11265.2,429.046,45.9
21137.2,11266,428.915,46
21180.1,11266.7,428.786,46.1
21223,11267.4,428.66,46.2
21265.8,11267.9,428.536,46.3
21308.7,11268.4,428.414,46.4
21351.5,11268.7,428.294,46.5
21394.3,11268.9,428.177,46.6
21437.2,11269.1,428.062,46.7
21480,11269.1,427.95,46.8
21522.8,11269.1,427.84,46.9
21565.5,11269,427.732,47
21608.3,11268.7,427.626,47.1
21651.1,11268.4,427.523,47.2
21693.8,11267.9,427.422,47.3
21736.6,11267.4,427.323,47.4
21779.3,11266.7,427.227,47.5
21822,11266,427.132,47.6
21864.7,11265.2,427.041,47.7
21907.4,11264.3,426.951,47.8
21950.1,11263.2,426.864,47.9
21992.8,11262.1,426.779,48
22035.4,11260.9,426.696,48.1
22078.1,11259.6,426.616,48.2
22120.7,11258.1,426.538,48.3
22163.3,11256.6,426.462,48.4
22206,11255,426.388,48.5
22248.6,11253.3,426.317,48.6
22291.1,11251.5,426.248,48.7
22333.7,11249.6,426.182,48.8
22376.3,11247.6,426.117,48.9
22418.9,11245.5,426.055,49
22461.4,11243.3,425.995,49.1
22503.9,11241,425.938,49.2
22546.5,11238.6,425.883,49.3
22589,11236.1,425.83,49.4
22631.5,11233.5,425.779,49.5
22674,11230.8,425.73,49.6
22716.5,11228.1,425.684,49.7
22758.9,11225.2,425.64,49.8
22801.4,11222.2,425.599,49.9
22843.8,11219.1,425.559,50
22886.3,11215.9,425.522,50.1
22928.7,11212.7,425.488,50.2
22971.1,11209.3,425.455,50.3
23013.5,11205.9,425.425,50.4
23055.9,11202.3,425.397,50.5
23098.3,11198.6,425.371,50.6
23140.7,11194.9,425.347,50.7
23183,11191,425.326,50.8
23225.4,11187.1,425.307,50.9
23267.7,11183,425.29,51
23310.1,11178.9,425.276,51.1
23352.4,11174.7,425.263,51.2
23394.7,11170.3,425.253,51.3
23437,11165.9,425.246,51.4
23479.3,11161.4,425.24,51.5
23521.5,11156.7,425.237,51.6
23563.8,11152,425.236,51.7
23606,11147.2,425.237,51.8
23648.3,11142.3,425.24,51.9
23690.5,11137.3,425.246,52
23732.7,11132.2,425.253,52.1
23774.9,11126.9,425.264,52.2
23817.1,11121.6,425.276,52.3
23859.3,11116.2,425.29,52.4
23901.5,11110.7,425.307,52.5
23943.6,11105.2,425.326,52.6
23985.8,11099.5,425.347,52.7
24027.9,11093.7,425.37,52.8
24070,11087.8,425.396,52.9
24112.2,11081.8,425.423,53
24154.3,11075.7,425.453,53.1
24196.4,11069.6,425.485,53.2
24238.5,11063.3,425.52,53.3
24280.5,11056.9,425.556,53.4
24322.6,11050.5,425.595,53.5
24364.6,11043.9,425.636,53.6
24406.7,11037.3,425.679,53.7
24448.7,11030.5,425.724,53.8
24490.7,11023.7,425.771,53.9
24532.7,11016.7,425.821,54
24574.7,11009.7,425.873,54.1
24616.7,11002.6,425.927,54.2
24658.7,10995.3,425.983,54.3
24700.7,10988,426.041,54.4
24742.6,10980.6,426.101,54.5
24784.5,10973.1,426.164,54.6
24826.5,10965.4,426.229,54.7
24868.4,10957.7,426.295,54.8
24910.3,10949.9,426.364,54.9
24952.2,10942,426.436,55
24994.1,10934,426.509,55.1
25036,10925.9,426.584,55.2
25077.8,10917.7,426.662,55.3
25119.7,10909.5,426.741,55.4
25161.5,10901.1,426.823,55.5
25203.4,10892.6,426.907,55.6
25245.2,10884,426.993,55.7
25287,10875.3,427.081,55.8
25328.8,10866.6,427.171,55.9
25370.6,10857.7,427.264,56
25412.4,10848.8,427.358,56.1
25454.1,10839.7,427.455,56.2
25495.9,10830.6,427.553,56.3
25537.6,10821.3,427.654,56.4
25579.4,10812,427.757,56.5
25621.1,10802.5,427.862,56.6
25662.8,10793,427.969,56.7
25704.5,10783.4,428.078,56.8
25746.2,10773.7,428.189,56.9
25787.9,10763.8,428.302,57
25829.5,10753.9,428.418,57.1
25871.2,10743.9,428.535,57.2
25912.8,10733.8,428.654,57.3
25954.5,10723.6,428.776,57.4
25996.1,10713.3,428.899,57.5
26037.7,10702.9,429.025,57.6
26079.3,10692.5,429.152,57.7
26120.9,10681.9,429.282,57.8
26162.5,10671.2,429.414,57.9
26204,10660.4,429.547,58
26245.6,10649.6,429.683,58.1
26287.1,10638.6,429.821,58.2
26328.7,10627.5,429.961,58.3
26370.2,10616.4,430.102,58.4
26411.7,10605.2,430.246,58.5
26453.2,10593.8,430.392,58.6
26494.7,10582.4,430.54,58.7
26536.2,10570.8,430.69,58.8
26577.7,10559.2,430.841,58.9
26619.1,10547.5,430.995,59
26660.6,10535.7,431.151,59.1
26702,10523.8,431.308,59.2
26743.4,10511.8,431.468,59.3
26784.8,10499.7,431.63,59.4
26826.2,10487.5,431.793,59.5
26867.6,10475.2,431.959,59.6
26909,10462.8,432.127,59.7
26950.4,10450.3,432.296,59.8
26991.8,10437.7,432.468,59.9
27033.1,10425.1,432.641,60
27074.4,10412.3,432.816,60.1
27115.8,10399.4,432.993,60.2
27157.1,10386.5,433.173,60.3
27198.4,10373.4,433.354,60.4
27239.7,10360.3,433.537,60.5
27281,10347.1,433.722,60.6
27322.2,10333.7,433.909,60.7
27363.5,10320.3,434.097,60.8
27404.8,10306.8,434.288,60.9
27446,10293.2,434.481,61
27487.2,10279.5,434.675,61.1
27528.4,10265.7,434.871,61.2
27569.6,10251.8,435.07,61.3
27610.8,10237.8,435.27,61.4
27652,10223.7,435.472,61.5
27693.2,10209.5,435.676,61.6
27734.4,10195.2,435.881,61.7
27775.5,10180.9,436.089,61.8
27816.7,10166.4,436.298,61.9
27857.8,10151.8,436.509,62
27898.9,10137.2,436.723,62.1
27940,10122.4,436.937,62.2
27981.1,10107.6,437.154,62.3
28022.2,10092.7,437.373,62.4
28063.3,10077.6,437.593,62.5
28104.3,10062.5,437.816,62.6
28145.4,10047.3,438.04,62.7
28186.4,10032,438.265,62.8
28227.5,10016.6,438.493,62.9
28268.5,10001.1,438.723,63
28309.5,9985.49,438.954,63.1
28350.5,9969.8,439.187,63.2
28391.5,9954.02,439.422,63.3
28432.4,9938.15,439.658,63.4
28473.4,9922.18,439.897,63.5
28514.4,9906.12,440.137,63.6
28555.3,9889.96,440.379,63.7
28596.2,9873.72,440.622,63.8
28637.1,9857.37,440.868,63.9
28678.1,9840.94,441.115,64
28719,9824.41,441.364,64.1
28759.8,9807.79,441.615,64.2
28800.7,9791.07,441.867,64.3
28841.6,9774.26,442.121,64.4
28882.4,9757.36,442.377,64.5
28923.3,9740.36,442.635,64.6
28964.1,9723.27,442.894,64.7
29004.9,9706.08,443.155,64.8
29045.7,9688.81,443.417,64.9
29086.5,9671.44,443.682,65
29127.3,9653.97,443.948,65.1
29168.1,9636.42,444.216,65.2
29208.9,9618.77,444.485,65.3
29249.6,9601.02,444.756,65.4
29290.4,9583.18,445.029,65.5
29331.1,9565.25,445.303,65.6
29371.8,9547.23,445.579,65.7
29412.5,9529.12,445.857,65.8
29453.2,9510.91,446.137,65.9
29493.9,9492.6,446.418,66
29534.6,9474.21,446.7,66.1
29575.2,9455.72,446.985,66.2
29615.9,9437.14,447.27,66.3
29656.5,9418.46,447.558,66.4
29697.2,9399.69,447.847,66.5
29737.8,9380.83,448.138,66.6
29778.4,9361.88,448.43,66.7
29819,9342.83,448.724,66.8
29859.6,9323.7,449.02,66.9
29900.2,9304.46,449.317,67
29940.7,9285.14,449.616,67.1
29981.3,9265.72,449.916,67.2
30021.8,9246.21,450.218,67.3
30062.3,9226.61,450.521,67.4
30102.9,9206.91,450.826,67.5
30143.4,9187.13,451.133,67.6
30183.9,9167.25,451.441,67.7
30224.3,9147.27,451.751,67.8
30264.8,9127.21,452.062,67.9
30305.3,9107.05,452.375,68
30345.7,9086.8,452.689,68.1
30386.2,9066.45,453.005,68.2
30426.6,9046.02,453.322,68.3
30467,9025.49,453.641,68.4
30507.4,9004.87,453.961,68.5
30547.8,8984.16,454.283,68.6
30588.2,8963.35,454.607,68.7
30628.6,8942.46,454.931,68.8
30668.9,8921.47,455.258,68.9
30709.3,8900.38,455.585,69
30749.6,8879.21,455.915,69.1
30790,8857.95,456.245,69.2
30830.3,8836.59,456.578,69.3
30870.6,8815.14,456.911,69.4
30910.9,8793.59,457.246,69.5
30951.2,8771.96,457.583,69.6
30991.4,8750.23,457.921,69.7
31031.7,8728.42,458.26,69.8
31071.9,8706.51,458.601,69.9
31112.2,8684.5,458.944,70
31152.4,8662.41,459.287,70.1
31192.6,8640.22,459.632,70.2
31232.8,8617.95,459.979,70.3
31273,8595.58,460.327,70.4
31313.2,8573.12,460.676,70.5
31353.4,8550.56,461.027,70.6
31393.5,8527.92,461.379,70.7
31433.7,8505.18,461.733,70.8
31473.8,8482.35,462.088,70.9
31513.9,8459.43,462.444,71
31554,8436.42,462.801,71.1
31594.1,8413.32,463.16,71.2
31634.2,8390.13,463.521,71.3
31674.3,8366.84,463.882,71.4
31714.4,8343.46,464.246,71.5
31754.4,8319.99,464.61,71.6
31794.5,8296.43,464.976,71.7
31834.5,8272.78,465.343,71.8
31874.5,8249.04,465.711,71.9
31914.5,8225.21,466.081,72
31954.5,8201.28,466.452,72.1
31994.5,8177.27,466.824,72.2
32034.5,8153.16,467.198,72.3
32074.5,8128.96,467.572,72.4
32114.4,8104.67,467.949,72.5
32154.4,8080.29,468.326,72.6
32194.3,8055.82,468.705,72.7
32234.2,8031.25,469.085,72.8
32274.1,8006.6,469.466,72.9
32314,7981.85,469.849,73
32353.9,7957.02,470.232,73.1
32393.8,7932.09,470.618,73.2
32433.6,7907.07,471.004,73.3
32473.5,7881.96,471.391,73.4
32513.3,7856.76,471.78,73.5
32553.1,7831.47,472.17,73.6
32593,7806.09,472.561,73.7
32632.8,7780.62,472.954,73.8
32672.6,7755.06,473.348,73.9
32712.3,7729.4,473.742,74
32752.1,7703.66,474.139,74.1
32791.9,7677.82,474.536,74.2
32831.6,7651.9,474.934,74.3
32871.3,7625.88,475.334,74.4
32911.1,7599.78,475.735,74.5
32950.8,7573.58,476.137,74.6
32990.5,7547.29,476.54,74.7
33030.2,7520.92,476.945,74.8
33069.8,7494.45,477.35,74.9
33109.5,7467.89,477.757,75
33149.2,7441.24,478.165,75.1
33188.8,7414.5,478.574,75.2
33228.4,7387.67,478.984,75.3
33268.1,7360.75,479.395,75.4
33307.7,7333.74,479.807,75.5
33347.3,7306.64,480.221,75.6
33386.8,7279.45,480.636,75.7
33426.4,7252.17,481.051,75.8
33466,7224.8,481.468,75.9
33505.5,7197.34,481.886,76
33545.1,7169.79,482.305,76.1
33584.6,7142.16,482.726,76.2
33624.1,7114.43,483.147,76.3
33663.6,7086.61,483.569,76.4
33703.1,7058.7,483.993,76.5
33742.6,7030.7,484.417,76.6
33782,7002.61,484.843,76.7
33821.5,6974.43,485.269,76.8
33860.9,6946.16,485.697,76.9
33900.4,6917.8,486.126,77
33939.8,6889.35,486.556,77.1
33979.2,6860.82,486.987,77.2
34018.6,6832.19,487.418,77.3
34058,6803.47,487.851,77.4
34097.3,6774.67,488.285,77.5
34136.7,6745.77,488.72,77.6
34176,6716.79,489.156,77.7
34215.4,6687.71,489.593,77.8
34254.7,6658.55,490.031,77.9
34294,6629.3,490.47,78
34333.3,6599.95,490.91,78.1
34372.6,6570.52,491.351,78.2
34411.9,6541,491.793,78.3
34451.2,6511.39,492.236,78.4
34490.4,6481.69,492.68,78.5
34529.7,6451.9,493.125,78.6
34568.9,6422.02,493.571,78.7
34608.1,6392.06,494.018,78.8
34647.3,6362,494.466,78.9
34686.5,6331.86,494.915,79
34725.7,6301.62,495.365,79.1
34764.9,6271.3,495.815,79.2
34804,6240.89,496.267,79.3
34843.2,6210.39,496.719,79.4
34882.3,6179.8,497.173,79.5
34921.4,6149.12,497.627,79.6
34960.5,6118.36,498.083,79.7
34999.6,6087.5,498.539,79.8
35038.7,6056.56,498.996,79.9
35077.8,6025.53,499.454,80
35116.9,5994.4,499.913,80.1
35155.9,5963.19,500.373,80.2
35195,5931.9,500.834,80.3
35234,5900.51,501.295,80.4
35273,5869.03,501.758,80.5
35312,5837.47,502.221,80.6
35351,5805.82,502.686,80.7
35390,5774.08,503.151,80.8
35429,5742.25,503.617,80.9
35467.9,5710.33,504.084,81
35506.9,5678.33,504.551,81.1
35545.8,5646.23,505.02,81.2
35584.7,5614.05,505.489,81.3
35623.6,5581.78,505.96,81.4
35662.5,5549.42,506.431,81.5
35701.4,5516.98,506.903,81.6
35740.3,5484.44,507.375,81.7
35779.1,5451.82,507.849,81.8
35818,5419.11,508.323,81.9
35856.8,5386.31,508.799,82
35895.6,5353.43,509.275,82.1
35934.4,5320.46,509.751,82.2
35973.2,5287.39,510.229,82.3
36012,5254.25,510.708,82.4
36050.8,5221.01,511.187,82.5
36089.6,5187.68,511.667,82.6
36128.3,5154.27,512.147,82.7
36167.1,5120.77,512.629,82.8
36205.8,5087.18,513.111,82.9
36244.5,5053.51,513.594,83
36283.2,5019.75,514.078,83.1
36321.9,4985.9,514.563,83.2
36360.6,4951.96,515.048,83.3
36399.2,4917.93,515.534,83.4
36437.9,4883.82,516.021,83.5
36476.5,4849.62,516.509,83.6
36515.2,4815.34,516.997,83.7
36553.8,4780.96,517.486,83.8
36592.4,4746.5,517.976,83.9
36631,4711.95,518.467,84
36669.6,4677.32,518.958,84.1
36708.1,4642.59,519.45,84.2
36746.7,4607.78,519.942,84.3
36785.2,4572.89,520.436,84.4
36823.8,4537.9,520.93,84.5
36862.3,4502.83,521.425,84.6
36900.8,4467.68,521.92,84.7
36939.3,4432.43,522.416,84.8
36977.8,4397.1,522.913,84.9
37016.2,4361.68,523.411,85
37054.7,4326.18,523.909,85.1
37093.1,4290.59,524.408,85.2
37131.6,4254.91,524.907,85.3
37170,4219.14,525.408,85.4
37208.4,4183.29,525.908,85.5
37246.8,4147.35,526.41,85.6
37285.2,4111.33,526.912,85.7
37323.6,4075.22,527.415,85.8
37361.9,4039.02,527.918,85.9
37400.3,4002.74,528.422,86
37438.6,3966.37,528.927,86.1
37476.9,3929.91,529.433,86.2
37515.2,3893.37,529.939,86.3
37553.5,3856.74,530.445,86.4
37591.8,3820.02,530.952,86.5
37630.1,3783.22,531.46,86.6
37668.3,3746.33,531.969,86.7
37706.6,3709.36,532.478,86.8
37744.8,3672.3,532.988,86.9
37783,3635.15,533.498,87
37821.3,3597.92,534.009,87.1
37859.4,3560.6,534.52,87.2
37897.6,3523.2,535.032,87.3
37935.8,3485.71,535.545,87.4
37974,3448.14,536.058,87.5
38012.1,3410.47,536.572,87.6
38050.2,3372.73,537.086,87.7
38088.4,3334.89,537.601,87.8
38126.5,3296.98,538.117,87.9
38164.6,3258.97,538.633,88
38202.7,3220.88,539.149,88.1
38240.7,3182.71,539.667,88.2
38278.8,3144.45,540.184,88.3
38316.8,3106.1,540.703,88.4
38354.9,3067.67,541.221,88.5
38392.9,3029.15,541.741,88.6
38430.9,2990.55,542.261,88.7
38468.9,2951.86,542.781,88.8
38506.9,2913.09,543.302,88.9
38544.9,2874.23,543.823,89
38582.8,2835.29,544.345,89.1
38620.8,2796.26,544.868,89.2
38658.7,2757.15,545.391,89.3
38696.6,2717.95,545.914,89.4
38734.5,2678.67,546.438,89.5
38772.4,2639.3,546.963,89.6
38810.3,2599.85,547.488,89.7
38848.2,2560.31,548.013,89.8
38886,2520.68,548.539,89.9
38923.9,2480.98,549.066,90
38961.7,2441.18,549.593,90.1
38999.5,2401.31,550.12,90.2
39037.3,2361.34,550.648,90.3
39075.1,2321.3,551.176,90.4
39112.9,2281.17,551.705,90.5
39150.7,2240.95,552.234,90.6
39188.4,2200.65,552.764,90.7
39226.2,2160.27,553.294,90.8
39263.9,2119.8,553.825,90.9
39301.6,2079.24,554.356,91
39339.3,2038.6,554.888,91.1
39377,1997.88,555.42,91.2
39414.7,1957.08,555.952,91.3
39452.4,1916.18,556.485,91.4
39490,1875.21,557.018,91.5
39527.7,1834.15,557.552,91.6
39565.3,1793.01,558.086,91.7
39602.9,1751.78,558.621,91.8
39640.5,1710.47,559.156,91.9
39678.1,1669.07,559.691,92
39715.7,1627.59,560.227,92.1
39753.2,1586.03,560.763,92.2
39790.8,1544.38,561.3,92.3
39828.3,1502.65,561.837,92.4
39865.9,1460.84,562.374,92.5
39903.4,1418.94,562.912,92.6
39940.9,1376.96,563.451,92.7
39978.4,1334.89,563.989,92.8
40015.8,1292.74,564.528,92.9
40053.3,1250.51,565.068,93
40090.7,1208.19,565.607,93.1
40128.2,1165.79,566.147,93.2
40165.6,1123.31,566.688,93.3
40203,1080.74,567.229,93.4
40240.4,1038.09,567.77,93.5
40277.8,995.359,568.312,93.6
40315.2,952.543,568.854,93.7
40352.5,909.643,569.396,93.8
40389.9,866.66,569.939,93.9
40427.2,823.594,570.482,94
40464.5,780.444,571.025,94.1
40501.8,737.212,571.569,94.2
40539.1,693.897,572.113,94.3
40576.4,650.499,572.657,94.4
40613.6,607.017,573.202,94.5
40650.9,563.453,573.747,94.6
40688.1,519.807,574.292,94.7
40725.4,476.077,574.838,94.8
40762.6,432.264,575.384,94.9
40799.8,388.369,575.93,95
40837,344.392,576.477,95.1
40874.1,300.331,577.024,95.2
40911.3,256.188,577.571,95.3
40948.4,211.963,578.119,95.4
40985.6,167.655,578.667,95.5
41022.7,123.264,579.215,95.6
41059.8,78.7916,579.763,95.7
41096.9,34.2365,580.312,95.8
41134,-10.4009,580.861,95.9
